{"stats":{"minecraft:mined":{"minecraft:large_fern":7,"minecraft:sweet_berry_bush":2,"minecraft:spruce_log":2,"minecraft:powder_snow":80,"minecraft:grass":2,"minecraft:grass_block":2,"minecraft:oak_log":4,"minecraft:dirt":15,"minecraft:stone":3},"minecraft:custom":{"minecraft:time_since_rest":282,"minecraft:sprint_one_cm":56849,"minecraft:damage_taken":315,"minecraft:walk_one_cm":19015,"minecraft:mob_kills":2,"minecraft:damage_dealt":306,"minecraft:interact_with_crafting_table":1,"minecraft:fly_one_cm":71858,"minecraft:crouch_one_cm":947,"minecraft:play_time":13648,"minecraft:deaths":1,"minecraft:sneak_time":398,"minecraft:jump":420,"minecraft:leave_game":2,"minecraft:walk_on_water_one_cm":1906,"minecraft:time_since_death":258,"minecraft:total_world_time":13648,"minecraft:fall_one_cm":12278},"minecraft:killed_by":{"minecraft:skeleton":1},"minecraft:used":{"minecraft:chicken":1,"minecraft:spruce_planks":4,"minecraft:wooden_pickaxe":9,"minecraft:rotten_flesh":2,"minecraft:dirt":15,"minecraft:sweet_berries":11,"minecraft:crafting_table":1,"minecraft:spruce_log":1},"minecraft:killed":{"minecraft:zombie":1,"minecraft:chicken":1},"minecraft:crafted":{"minecraft:oak_planks":16,"minecraft:crafting_table":1,"minecraft:spruce_planks":4,"minecraft:stick":4,"minecraft:wooden_pickaxe":1},"minecraft:picked_up":{"minecraft:feather":2,"minecraft:chicken":1,"minecraft:sweet_berries":11,"minecraft:oak_log":4,"minecraft:spruce_log":2,"minecraft:dirt":16,"minecraft:rotten_flesh":2,"minecraft:wheat_seeds":2,"minecraft:cobblestone":3}},"DataVersion":3465}