{"stats":{"minecraft:picked_up":{"minecraft:stick":7,"dynamictrees:birch_seed":1,"minecraft:dirt":1},"minecraft:custom":{"minecraft:jump":52,"minecraft:time_since_rest":9984,"minecraft:damage_taken":30,"minecraft:leave_game":4,"minecraft:crouch_one_cm":179,"minecraft:play_time":13156,"minecraft:sprint_one_cm":11566,"minecraft:time_since_death":10706,"minecraft:walk_one_cm":5355,"minecraft:deaths":1,"minecraft:sneak_time":59,"minecraft:total_world_time":13156,"minecraft:fall_one_cm":569,"minecraft:fly_one_cm":45948},"minecraft:used":{"cfm:stripped_birch_table":4,"minecraft:dirt":1},"minecraft:mined":{"minecraft:grass":2,"minecraft:grass_block":1,"minecraft:birch_leaves":3}},"DataVersion":3465}