{"stats":{"minecraft:picked_up":{"minecraft:dirt":1},"minecraft:used":{"minecraft:dirt":1},"minecraft:custom":{"minecraft:jump":11,"minecraft:time_since_rest":527,"minecraft:leave_game":1,"minecraft:sprint_one_cm":768,"minecraft:play_time":527,"minecraft:damage_taken":30,"minecraft:time_since_death":527,"minecraft:walk_one_cm":1407,"minecraft:total_world_time":527,"minecraft:fall_one_cm":569,"minecraft:fly_one_cm":99},"minecraft:mined":{"minecraft:grass":1,"minecraft:grass_block":1,"minecraft:birch_leaves":3}},"DataVersion":3465}