{"stats":{"minecraft:picked_up":{"dynamictrees:birch_seed":1,"minecraft:dirt":1},"minecraft:custom":{"minecraft:jump":49,"minecraft:time_since_rest":8380,"minecraft:damage_taken":30,"minecraft:leave_game":3,"minecraft:crouch_one_cm":179,"minecraft:play_time":11552,"minecraft:sprint_one_cm":7992,"minecraft:time_since_death":9102,"minecraft:walk_one_cm":4615,"minecraft:deaths":1,"minecraft:sneak_time":59,"minecraft:total_world_time":11552,"minecraft:fall_one_cm":569,"minecraft:fly_one_cm":44421},"minecraft:used":{"cfm:stripped_birch_table":4,"minecraft:dirt":1},"minecraft:mined":{"minecraft:grass":2,"minecraft:grass_block":1,"minecraft:birch_leaves":3}},"DataVersion":3465}