{"stats":{"minecraft:picked_up":{"minecraft:stripped_oak_log":2,"minecraft:stick":7,"minecraft:wheat_seeds":1,"dynamictrees:birch_seed":1,"minecraft:dirt":14},"minecraft:custom":{"minecraft:time_since_rest":1,"minecraft:crouch_one_cm":1547,"minecraft:sprint_one_cm":51461,"minecraft:play_time":40706,"minecraft:damage_taken":30,"minecraft:deaths":2,"minecraft:walk_one_cm":24415,"minecraft:sneak_time":561,"minecraft:walk_under_water_one_cm":463,"minecraft:jump":250,"minecraft:damage_dealt":55,"minecraft:leave_game":8,"minecraft:walk_on_water_one_cm":594,"minecraft:time_since_death":334,"minecraft:total_world_time":40706,"minecraft:fall_one_cm":569,"minecraft:fly_one_cm":532314},"minecraft:mined":{"minecraft:grass":2,"minecraft:grass_block":1,"minecraft:birch_leaves":3},"minecraft:used":{"minecraft:ender_eye":24,"securitycraft:mine":39,"cfm:stripped_birch_table":4,"minecraft:dirt":1,"additional_lights:al_lamp_birch_planks":4,"minecraft:flint_and_steel":1,"minecraft:end_portal_frame":25,"minecraft:obsidian":17}},"DataVersion":3465}