{"stats":{"minecraft:mined":{"minecraft:grass":2,"minecraft:grass_block":1,"minecraft:birch_leaves":3},"minecraft:custom":{"minecraft:time_since_rest":33678,"minecraft:crouch_one_cm":858,"minecraft:sprint_one_cm":49761,"minecraft:play_time":36850,"minecraft:damage_taken":30,"minecraft:deaths":1,"minecraft:walk_one_cm":17338,"minecraft:sneak_time":355,"minecraft:walk_under_water_one_cm":463,"minecraft:jump":227,"minecraft:damage_dealt":55,"minecraft:leave_game":7,"minecraft:walk_on_water_one_cm":594,"minecraft:time_since_death":34400,"minecraft:total_world_time":36850,"minecraft:fall_one_cm":569,"minecraft:fly_one_cm":455810},"minecraft:used":{"securitycraft:mine":39,"cfm:stripped_birch_table":4,"minecraft:dirt":1,"additional_lights:al_lamp_birch_planks":4},"minecraft:picked_up":{"minecraft:stripped_oak_log":2,"minecraft:stick":7,"minecraft:wheat_seeds":1,"dynamictrees:birch_seed":1,"minecraft:dirt":14}},"DataVersion":3465}