{"stats":{"minecraft:picked_up":{"minecraft:stripped_oak_log":2,"minecraft:stick":7,"dynamictrees:birch_seed":1,"minecraft:dirt":14},"minecraft:used":{"securitycraft:mine":39,"minecraft:dirt":1,"cfm:stripped_birch_table":4},"minecraft:custom":{"minecraft:time_since_rest":29233,"minecraft:crouch_one_cm":858,"minecraft:sprint_one_cm":49093,"minecraft:play_time":32405,"minecraft:deaths":1,"minecraft:damage_taken":30,"minecraft:walk_one_cm":16413,"minecraft:sneak_time":355,"minecraft:walk_under_water_one_cm":463,"minecraft:jump":220,"minecraft:damage_dealt":55,"minecraft:leave_game":5,"minecraft:walk_on_water_one_cm":594,"minecraft:time_since_death":29955,"minecraft:total_world_time":32405,"minecraft:fall_one_cm":569,"minecraft:fly_one_cm":454912},"minecraft:mined":{"minecraft:grass":2,"minecraft:grass_block":1,"minecraft:birch_leaves":3}},"DataVersion":3465}