{"stats":{"minecraft:picked_up":{"minecraft:stripped_oak_log":2,"minecraft:stick":7,"minecraft:wheat_seeds":1,"dynamictrees:birch_seed":1,"minecraft:dirt":14},"minecraft:used":{"mowziesmobs:umvuthana_crane_spawn_egg":1,"mowziesmobs:umvuthana_raptor_spawn_egg":1,"minecraft:ender_eye":24,"cfm:stripped_birch_table":4,"orcz:goblinshield_spawn_egg":2,"minecraft:sand":19,"minecraft:dirt":1,"additional_lights:al_lamp_birch_planks":4,"orcz:goblinsavagebomb_spawn_egg":1,"minecraft:flint_and_steel":1,"mowziesmobs:frostmaw_spawn_egg":1,"mowziesmobs:grottol_spawn_egg":1,"minecraft:end_portal_frame":25,"orcz:goblin_2sword_spawn_egg":1,"minecraft:obsidian":17,"mowziesmobs:umvuthi_spawn_egg":1,"securitycraft:mine":39,"orcz:orcirongroupleader_spawn_egg":1},"minecraft:custom":{"minecraft:time_since_rest":21618,"minecraft:crouch_one_cm":1702,"minecraft:sprint_one_cm":66878,"minecraft:play_time":63037,"minecraft:damage_taken":30,"minecraft:deaths":2,"minecraft:walk_one_cm":29297,"minecraft:sneak_time":612,"minecraft:walk_under_water_one_cm":463,"minecraft:jump":329,"minecraft:damage_dealt":64,"minecraft:leave_game":14,"minecraft:walk_on_water_one_cm":1013,"minecraft:time_since_death":22665,"minecraft:total_world_time":63037,"minecraft:fall_one_cm":569,"minecraft:fly_one_cm":616135},"minecraft:mined":{"minecraft:grass":2,"minecraft:grass_block":1,"minecraft:birch_leaves":3}},"DataVersion":3465}