{"stats":{"minecraft:picked_up":{"minecraft:dirt":1},"minecraft:mined":{"minecraft:grass":2,"minecraft:grass_block":1,"minecraft:birch_leaves":3},"minecraft:used":{"cfm:stripped_birch_table":4,"minecraft:dirt":1},"minecraft:custom":{"minecraft:jump":45,"minecraft:time_since_rest":166,"minecraft:deaths":1,"minecraft:crouch_one_cm":87,"minecraft:leave_game":2,"minecraft:play_time":3338,"minecraft:sprint_one_cm":6928,"minecraft:damage_taken":30,"minecraft:time_since_death":888,"minecraft:walk_one_cm":3062,"minecraft:sneak_time":16,"minecraft:total_world_time":3338,"minecraft:fall_one_cm":569,"minecraft:fly_one_cm":36427}},"DataVersion":3465}