{"stats":{"minecraft:custom":{"minecraft:jump":54,"minecraft:time_since_rest":1413,"minecraft:leave_game":1,"minecraft:sprint_one_cm":8411,"minecraft:play_time":1413,"minecraft:damage_taken":20,"minecraft:time_since_death":1413,"minecraft:walk_one_cm":1219,"minecraft:total_world_time":1413,"minecraft:drop":2,"minecraft:fall_one_cm":2299,"minecraft:fly_one_cm":11165},"minecraft:mined":{"minecraft:grass":11},"minecraft:picked_up":{"minecraft:wheat_seeds":2},"minecraft:dropped":{"minecraft:wheat_seeds":2}},"DataVersion":2975}