{"stats":{"minecraft:custom":{"minecraft:time_since_rest":9027,"minecraft:sprint_one_cm":117084,"minecraft:damage_taken":595,"minecraft:walk_one_cm":66897,"minecraft:mob_kills":4,"minecraft:drop":10,"minecraft:damage_dealt":738,"minecraft:swim_one_cm":445,"minecraft:interact_with_crafting_table":2,"minecraft:fly_one_cm":135205,"minecraft:crouch_one_cm":6346,"minecraft:play_time":35936,"minecraft:deaths":2,"minecraft:sneak_time":1669,"minecraft:walk_under_water_one_cm":6210,"minecraft:boat_one_cm":19035,"minecraft:jump":815,"minecraft:leave_game":4,"minecraft:time_since_death":9001,"minecraft:walk_on_water_one_cm":3457,"minecraft:total_world_time":35936,"minecraft:fall_one_cm":20212},"minecraft:killed_by":{"minecraft:skeleton":1,"minecraft:enderman":1},"minecraft:used":{"minecraft:spruce_boat":3,"minecraft:chicken":1,"minecraft:wooden_pickaxe":9,"minecraft:spruce_planks":21,"minecraft:rotten_flesh":2,"minecraft:dirt":15,"minecraft:sweet_berries":11,"minecraft:crafting_table":2,"minecraft:spruce_log":1},"minecraft:picked_up":{"minecraft:crafting_table":1,"minecraft:feather":2,"minecraft:chicken":1,"minecraft:sweet_berries":11,"minecraft:oak_log":4,"minecraft:spruce_sapling":2,"minecraft:gunpowder":2,"minecraft:spruce_log":11,"minecraft:dirt":16,"minecraft:rotten_flesh":2,"minecraft:spruce_boat":2,"minecraft:wheat_seeds":4,"minecraft:spruce_planks":3,"minecraft:sugar_cane":13,"minecraft:cobblestone":3},"minecraft:killed":{"minecraft:zombie":1,"minecraft:chicken":1,"minecraft:salmon":1,"minecraft:creeper":1},"minecraft:crafted":{"minecraft:oak_planks":16,"minecraft:crafting_table":2,"minecraft:spruce_planks":40,"minecraft:stick":8,"minecraft:wooden_pickaxe":1,"minecraft:spruce_boat":1},"minecraft:dropped":{"minecraft:sugar_cane":7,"minecraft:gunpowder":2,"minecraft:crafting_table":1},"minecraft:mined":{"minecraft:large_fern":10,"minecraft:spruce_planks":3,"minecraft:sweet_berry_bush":2,"minecraft:ice":3,"minecraft:spruce_log":11,"minecraft:powder_snow":87,"minecraft:crafting_table":1,"minecraft:grass":3,"minecraft:grass_block":2,"minecraft:oak_log":4,"minecraft:dirt":15,"minecraft:spruce_leaves":24,"minecraft:stone":3,"minecraft:sugar_cane":1,"minecraft:fern":3}},"DataVersion":3465}