{"stats":{"minecraft:mined":{"minecraft:tuff":22,"minecraft:mossy_cobblestone":5,"minecraft:deepslate_diamond_ore":11,"biomesoplenty:desert_grass":1,"minecraft:potted_cactus":1,"orcz:palisadedarkoak":2,"minecraft:granite":13,"minecraft:acacia_log":19,"minecraft:grass_block":5,"minecraft:moss_block":1,"biomesoplenty:dune_grass":2,"minecraft:chiseled_stone_bricks":1,"minecraft:large_fern":1,"minecraft:hay_block":82,"minecraft:tall_seagrass":1,"minecraft:furnace":4,"dynamictrees:oak_undergrowth_leaves":1,"minecraft:iron_ore":12,"minecraft:cobbled_deepslate":2,"minecraft:andesite":19,"minecraft:deepslate_lapis_ore":2,"minecraft:deepslate_iron_ore":89,"dynamictrees:jungle_undergrowth_leaves":1,"minecraft:bamboo":4,"biomesoplenty:spider_egg":1,"minecraft:stone":96,"minecraft:bone_block":49,"orcz:scrapblock":3,"minecraft:tripwire":1,"minecraft:deepslate_redstone_ore":47,"minecraft:acacia_leaves":3,"biomesoplenty:orange_sand":5,"minecraft:crafting_table":9,"minecraft:torch":5,"minecraft:blast_furnace":1,"dynamictrees:acacia_leaves":3,"minecraft:calcite":5,"minecraft:melon":36,"minecraft:chest":1,"minecraft:rose_bush":1,"minecraft:campfire":1,"minecraft:tall_grass":1,"minecraft:cobblestone":4,"biomesoplenty:sprout":2,"minecraft:deepslate_gold_ore":48,"minecraft:oak_planks":1,"minecraft:sugar_cane":3,"minecraft:diorite":7,"minecraft:wall_torch":3,"minecraft:amethyst_block":4,"orcz:orcagaric":1,"minecraft:wheat":2,"minecraft:grass":56,"minecraft:coal_ore":71,"minecraft:oak_log":53,"minecraft:gravel":34,"minecraft:cobweb":1,"minecraft:dirt":7,"biomesoplenty:stringy_cobweb":1,"minecraft:smooth_basalt":3,"minecraft:acacia_planks":3,"minecraft:oak_leaves":31,"minecraft:deepslate":174,"minecraft:fern":10},"minecraft:dropped":{"minecraft:iron_ingot":24,"aquaculture:carp":1,"minecraft:iron_sword":1,"minecraft:wheat_seeds":1,"minecraft:diamond":5,"morevanillaarmor:wood_leggings":1,"aquaculture:smallmouth_bass":4,"orcz:blue_orcshroom":1,"orcz:orcagaric":1,"minecraft:leather":15,"minecraft:coal":4,"minecraft:flint":4,"minecraft:stick":4,"aquaculture:muskellunge":1,"minecraft:rose_bush":1,"minecraft:melon_slice":30,"alexsmobs:emu_feather":1,"minecraft:sand":4,"minecraft:acacia_planks":63,"minecraft:string":6,"minecraft:lily_pad":1,"minecraft:redstone_block":84,"minecraft:redstone":1,"comforts:sleeping_bag_red":7,"minecraft:cobbled_deepslate":42,"alexsmobs:animal_dictionary":2,"minecraft:bowl":2,"tombstone:gift":1,"sophisticatedbackpacks:backpack":1,"patchouli:guide_book":2,"minecraft:poppy":4,"minecraft:bundle":2,"minecraft:charcoal":4,"minecraft:beetroot_seeds":1,"minecraft:melon_seeds":2,"minecraft:spider_eye":2,"comforts:sleeping_bag_white":3,"minecraft:oak_leaves":2},"minecraft:custom":{"minecraft:mob_kills":108,"minecraft:interact_with_crafting_table":53,"minecraft:open_barrel":22,"minecraft:damage_dealt_resisted":1652,"minecraft:leave_game":2,"minecraft:time_since_death":103732,"minecraft:climb_one_cm":379,"minecraft:sprint_one_cm":979493,"minecraft:walk_one_cm":485886,"minecraft:drop":84,"minecraft:damage_dealt_absorbed":97,"minecraft:talked_to_villager":3,"minecraft:play_time":286222,"minecraft:deaths":3,"minecraft:sneak_time":24485,"minecraft:walk_under_water_one_cm":22712,"minecraft:boat_one_cm":48060,"tombstone:tomb_raiding":1,"minecraft:jump":6154,"minecraft:interact_with_blast_furnace":7,"minecraft:walk_on_water_one_cm":37235,"minecraft:total_world_time":286222,"minecraft:interact_with_furnace":31,"minecraft:pot_flower":1,"minecraft:sleep_in_bed":14,"minecraft:time_since_rest":46020,"minecraft:damage_taken":6663,"tombstone:sneak_grave":1,"minecraft:damage_dealt":18948,"minecraft:swim_one_cm":81002,"minecraft:fly_one_cm":1706233,"minecraft:open_chest":55,"minecraft:crouch_one_cm":64605,"tombstone:undead_killed":43,"minecraft:interact_with_smoker":1,"minecraft:fall_one_cm":170776,"minecraft:horse_one_cm":263576},"minecraft:crafted":{"comforts:sleeping_bag_red":2,"minecraft:oak_planks":112,"minecraft:stone_shovel":1,"comforts:sleeping_bag_white":1,"minecraft:furnace":1,"minecraft:bone_meal":21,"sophisticatedbackpacks:crafting_upgrade":1,"minecraft:diamond":9,"minecraft:iron_boots":1,"minecraft:iron_hoe":1,"minecraft:iron_axe":2,"minecraft:stone_pickaxe":1,"minecraft:chest":3,"minecraft:redstone_block":21,"morevanillaarmor:wood_leggings":1,"sophisticatedbackpacks:iron_backpack":1,"minecraft:wheat":207,"paraglider:paraglider":1,"sophisticatedbackpacks:backpack":1,"minecraft:cooked_porkchop":3,"minecraft:crafting_table":10,"minecraft:wooden_pickaxe":1,"sophisticatedbackpacks:gold_backpack":1,"minecraft:bucket":1,"minecraft:stone_axe":1,"sophisticatedbackpacks:upgrade_base":1,"minecraft:bread":69,"minecraft:air":0,"morevanillaarmor:wood_boots":1,"minecraft:oak_boat":1,"minecraft:iron_chestplate":1,"sophisticatedbackpacks:diamond_backpack":1,"minecraft:stick":68,"minecraft:iron_ingot":74,"minecraft:iron_pickaxe":3,"minecraft:stone_sword":1,"minecraft:gold_ingot":2,"minecraft:iron_leggings":1,"minecraft:acacia_planks":76,"minecraft:torch":104,"morevanillaarmor:wood_chestplate":1,"morevanillaarmor:wood_helmet":1},"minecraft:used":{"minecraft:moss_block":1,"minecraft:stone_sword":130,"minecraft:stone_shovel":30,"minecraft:bone_block":3,"comforts:sleeping_bag_red":14,"aquaculture:brown_trout":1,"minecraft:chest":2,"minecraft:iron_sword":85,"minecraft:rotten_flesh":4,"aquaculture:bluegill":1,"minecraft:torch":113,"minecraft:dirt":7,"minecraft:iron_hoe":59,"minecraft:iron_axe":158,"biomesoplenty:orange_sand":5,"minecraft:smooth_basalt":3,"minecraft:rabbit_stew":1,"minecraft:furnace":4,"tombstone:gift":3,"minecraft:egg":1,"minecraft:acacia_planks":3,"minecraft:iron_leggings":1,"minecraft:cobbled_deepslate":27,"minecraft:wheat_seeds":2,"minecraft:water_bucket":7,"minecraft:diorite":5,"minecraft:bundle":4,"minecraft:oak_planks":14,"minecraft:stone_pickaxe":133,"minecraft:wooden_pickaxe":12,"minecraft:oak_leaves":3,"minecraft:crafting_table":17,"minecraft:mushroom_stew":3,"minecraft:blast_furnace":1,"tombstone:bag_of_seeds":2,"minecraft:flower_pot":1,"minecraft:apple":3,"minecraft:melon_slice":148,"minecraft:bread":81,"minecraft:iron_pickaxe":594,"tombstone:grave_key":1,"minecraft:gravel":1,"minecraft:stone_axe":127,"minecraft:cobblestone":4,"minecraft:bucket":8,"minecraft:cooked_porkchop":3,"minecraft:andesite":17,"minecraft:pumpkin_pie":2,"minecraft:oak_boat":2,"minecraft:bone_meal":21,"dynamictrees:jungle_seed":2},"minecraft:broken":{"morevanillaarmor:wood_boots":1,"minecraft:stone_sword":1,"minecraft:iron_leggings":1,"minecraft:stone_pickaxe":1,"minecraft:iron_axe":1,"minecraft:stone_axe":1,"minecraft:iron_pickaxe":2},"minecraft:killed":{"minecraft:cave_spider":3,"orcz:goblinshield":1,"aquaculture:bluegill":1,"minecraft:spider":10,"aquaculture:smallmouth_bass":4,"aquaculture:muskellunge":1,"minecraft:skeleton":3,"orcz:goblinsavagebomb":3,"alexsmobs:leafcutter_ant":1,"aquaculture:brown_trout":1,"orcz:squig":6,"mowziesmobs:foliaath":1,"aquaculture:carp":1,"minecraft:husk":4,"alexsmobs:guster":2,"minecraft:pig":1,"orcz:goblinsavagemace":4,"minecraft:iron_golem":2,"orcz:goblinwerid":1,"minecraft:creeper":6,"alexsmobs:emu":1,"minecraft:zombie":36,"orcz:bigorcboss":1,"orcz:orcsavage_2sword":3,"orcz:goblin_2sword":3,"orcz:orcshield":1,"minecraft:cow":4},"minecraft:picked_up":{"minecraft:charcoal":4,"minecraft:coarse_dirt":1,"minecraft:crafting_table":9,"minecraft:redstone_block":84,"minecraft:flower_pot":1,"minecraft:string":13,"aquaculture:muskellunge":1,"minecraft:iron_leggings":1,"alexsmobs:emu_feather":1,"aquaculture:bluegill":1,"minecraft:cobbled_deepslate":229,"comforts:sleeping_bag_white":2,"minecraft:beef":6,"minecraft:oak_boat":2,"minecraft:rose_bush":1,"minecraft:poppy":5,"minecraft:melon_slice":193,"minecraft:sugar_cane":6,"minecraft:chest":1,"minecraft:furnace":4,"minecraft:egg":1,"minecraft:stick":4,"minecraft:raw_iron":103,"minecraft:torch":9,"minecraft:acacia_log":19,"sophisticatedbackpacks:backpack":1,"minecraft:porkchop":3,"orcz:orchorn":1,"tombstone:grave_dust":5,"orcz:squigs_claws":3,"minecraft:diorite":7,"orcz:palisadedarkoak":2,"minecraft:redstone":211,"minecraft:cactus":1,"minecraft:arrow":2,"minecraft:rotten_flesh":32,"aquaculture:brown_trout":1,"minecraft:hay_block":81,"comforts:sleeping_bag_red":20,"aquaculture:carp":1,"biomesoplenty:orange_sand":5,"minecraft:bone_block":48,"minecraft:cobblestone":93,"minecraft:white_wool":4,"orcz:orcteeth":24,"minecraft:andesite":18,"minecraft:leather":15,"minecraft:flint":8,"minecraft:tuff":20,"minecraft:oak_log":45,"minecraft:gunpowder":9,"minecraft:dirt":7,"minecraft:bone":1,"minecraft:acacia_planks":62,"minecraft:apple":3,"minecraft:wheat_seeds":16,"minecraft:raw_gold":48,"minecraft:iron_ingot":36,"tombstone:bag_of_seeds":1,"minecraft:bamboo":24,"minecraft:moss_block":1,"minecraft:iron_sword":1,"biomesoplenty:mahogany_planks":1,"aquaculture:smallmouth_bass":4,"minecraft:smooth_basalt":3,"minecraft:chiseled_stone_bricks":1,"minecraft:red_wool":6,"orcz:orcagaric":1,"minecraft:gravel":28,"minecraft:sand":10,"orcz:blue_orcshroom":1,"minecraft:blast_furnace":1,"minecraft:diamond_block":1,"minecraft:spider_eye":2,"minecraft:mossy_cobblestone":3,"minecraft:bundle":3,"alexsmobs:guster_eye":2,"minecraft:diamond":10,"minecraft:lever":1,"dynamictrees:jungle_seed":2,"minecraft:granite":13,"minecraft:bread":21,"orcz:ironscrap":20,"minecraft:melon_seeds":1,"minecraft:oak_leaves":1,"minecraft:oak_sapling":6,"minecraft:coal":79,"minecraft:black_wool":1}},"DataVersion":3465}