{"stats":{"minecraft:mined":{"minecraft:grass":26,"minecraft:grass_block":1,"minecraft:cactus":8,"minecraft:tall_grass":11},"minecraft:used":{"minecraft:dirt":1,"minecraft:cactus":8},"minecraft:killed_by":{"minecraft:zombie":1},"minecraft:custom":{"minecraft:time_since_rest":24,"minecraft:deaths":1,"minecraft:crouch_one_cm":103,"minecraft:sprint_one_cm":21323,"minecraft:play_time":16629,"minecraft:damage_taken":250,"minecraft:walk_one_cm":4839,"minecraft:sneak_time":23,"minecraft:drop":3,"minecraft:jump":91,"minecraft:damage_dealt":45,"minecraft:leave_game":2,"minecraft:time_since_death":0,"minecraft:total_world_time":16629,"minecraft:fall_one_cm":2783,"minecraft:fly_one_cm":18130},"minecraft:dropped":{"minecraft:wheat_seeds":3},"minecraft:picked_up":{"minecraft:cactus":8,"minecraft:wheat_seeds":8,"minecraft:dirt":1}},"DataVersion":2975}