{"stats":{"minecraft:used":{"minecraft:cactus":8},"minecraft:picked_up":{"minecraft:cactus":8,"minecraft:wheat_seeds":3},"minecraft:mined":{"minecraft:grass":7,"minecraft:cactus":8},"minecraft:dropped":{"minecraft:wheat_seeds":3},"minecraft:custom":{"minecraft:jump":22,"minecraft:time_since_rest":993,"minecraft:leave_game":1,"minecraft:damage_taken":90,"minecraft:sprint_one_cm":4964,"minecraft:play_time":993,"minecraft:time_since_death":993,"minecraft:walk_one_cm":2634,"minecraft:total_world_time":993,"minecraft:fall_one_cm":1045,"minecraft:drop":3,"minecraft:fly_one_cm":3103}},"DataVersion":2975}