{"stats":{"minecraft:used":{"minecraft:rotten_flesh":2,"minecraft:birch_planks":74,"minecraft:stripped_birch_log":2,"minecraft:birch_log":1,"tombstone:grave_key":3},"minecraft:crafted":{"minecraft:birch_planks":4},"minecraft:mined":{"minecraft:grass":3,"minecraft:birch_log":2,"minecraft:birch_leaves":6},"minecraft:picked_up":{"minecraft:birch_log":5,"minecraft:stick":1,"minecraft:rotten_flesh":4,"minecraft:wheat_seeds":2,"minecraft:birch_planks":2,"tombstone:grave_key":1,"minecraft:stripped_birch_log":1},"minecraft:custom":{"minecraft:time_since_rest":1142,"minecraft:crouch_one_cm":5711,"minecraft:sprint_one_cm":61185,"minecraft:play_time":28329,"minecraft:deaths":1,"minecraft:damage_taken":140,"minecraft:walk_one_cm":45571,"minecraft:sneak_time":1598,"minecraft:drop":4,"minecraft:jump":405,"minecraft:damage_dealt":40,"minecraft:leave_game":2,"minecraft:time_since_death":1564,"minecraft:total_world_time":28329,"minecraft:fall_one_cm":5297,"minecraft:fly_one_cm":81761},"minecraft:dropped":{"minecraft:wheat_seeds":1,"minecraft:diamond_axe":1,"minecraft:cooked_porkchop":64}},"DataVersion":3465}