{"stats":{"minecraft:picked_up":{"minecraft:birch_log":5,"minecraft:stick":1,"minecraft:rotten_flesh":4,"minecraft:wheat_seeds":2,"minecraft:birch_planks":2,"tombstone:grave_key":1,"minecraft:stripped_birch_log":1},"minecraft:crafted":{"minecraft:birch_planks":4},"minecraft:dropped":{"minecraft:wheat_seeds":1,"minecraft:diamond_axe":1,"minecraft:cooked_porkchop":64},"minecraft:used":{"minecraft:rotten_flesh":1,"minecraft:birch_planks":50,"minecraft:stripped_birch_log":2,"minecraft:birch_log":1},"minecraft:custom":{"minecraft:time_since_rest":26484,"minecraft:crouch_one_cm":5493,"minecraft:play_time":26484,"minecraft:sprint_one_cm":57805,"minecraft:damage_taken":140,"minecraft:walk_one_cm":43625,"minecraft:sneak_time":1534,"minecraft:drop":4,"minecraft:jump":379,"minecraft:damage_dealt":40,"minecraft:leave_game":1,"minecraft:time_since_death":26484,"minecraft:total_world_time":26484,"minecraft:fall_one_cm":5297,"minecraft:fly_one_cm":56950},"minecraft:mined":{"minecraft:grass":3,"minecraft:birch_log":2,"minecraft:birch_leaves":6}},"DataVersion":3465}