{"stats":{"minecraft:mined":{"minecraft:birch_log":2,"minecraft:birch_leaves":6,"minecraft:grass":3},"minecraft:dropped":{"minecraft:wheat_seeds":1,"minecraft:diamond_axe":1,"minecraft:cooked_porkchop":64},"minecraft:picked_up":{"minecraft:birch_log":5,"minecraft:stick":1,"minecraft:birch_planks":2,"tombstone:grave_key":1,"minecraft:stripped_birch_log":1,"minecraft:rotten_flesh":4,"minecraft:wheat_seeds":2},"minecraft:crafted":{"minecraft:birch_planks":4},"minecraft:custom":{"minecraft:time_since_rest":34460,"minecraft:sprint_one_cm":63997,"minecraft:damage_taken":140,"minecraft:walk_one_cm":59684,"minecraft:mob_kills":2,"minecraft:drop":4,"minecraft:damage_dealt":442,"minecraft:swim_one_cm":4077,"minecraft:fly_one_cm":326418,"minecraft:crouch_one_cm":6177,"minecraft:play_time":61647,"minecraft:deaths":1,"minecraft:sneak_time":2183,"minecraft:walk_under_water_one_cm":2017,"minecraft:pot_flower":2,"minecraft:jump":441,"minecraft:leave_game":3,"minecraft:time_since_death":34882,"minecraft:walk_on_water_one_cm":3264,"minecraft:total_world_time":61647,"minecraft:fall_one_cm":5297,"minecraft:horse_one_cm":2},"minecraft:used":{"minecraft:glass":28,"minecraft:flower_pot":3,"minecraft:bookshelf":1,"securitycraft:secret_sign_item":4,"minecraft:birch_planks":74,"minecraft:stripped_birch_log":2,"minecraft:grass_block":1,"minecraft:spruce_planks":63,"minecraft:chest":2,"minecraft:spruce_trapdoor":5,"tombstone:grave_key":3,"minecraft:barrel":5,"minecraft:rotten_flesh":2,"aquaculture:neptunium_sword":4,"minecraft:cobblestone":40,"minecraft:white_carpet":4,"minecraft:crafting_table":1,"minecraft:red_bed":1,"minecraft:furnace":1,"minecraft:birch_log":1,"minecraft:stripped_oak_log":23},"minecraft:killed":{"minecraft:creeper":2}},"DataVersion":3465}