{"stats":{"minecraft:mined":{"minecraft:birch_leaves":19},"minecraft:dropped":{"artifacts:night_vision_goggles":1,"orcz:heavyorchammer":1,"aquaculture:neptunium_fillet_knife":1,"mythicmounts:dragon_spawn_egg":2,"morevanillaarmor:obsidian_helmet":1,"paraglider:anti_vessel":1,"mowziesmobs:umvuthana_mask_fear":1,"morevanillaarmor:obsidian_chestplate":1,"morevanillaarmor:obsidian_boots":1},"minecraft:picked_up":{"orcz:orcteeth":1,"minecraft:feather":3,"artifacts:night_vision_goggles":1,"morevanillaarmor:obsidian_chestplate":1,"aquaculture:neptunium_fillet_knife":1,"orcz:heavyorchammer":1,"mythicmounts:dragon_spawn_egg":2,"morevanillaarmor:obsidian_boots":1,"mowziesmobs:umvuthana_mask_fear":2,"morevanillaarmor:obsidian_helmet":1,"minecraft:mutton":1,"minecraft:white_wool":1},"minecraft:custom":{"minecraft:time_since_rest":31213,"minecraft:walk_one_cm":58345,"minecraft:sprint_one_cm":25413,"minecraft:damage_taken":245,"minecraft:mob_kills":5,"minecraft:drop":10,"minecraft:damage_dealt":970,"minecraft:fly_one_cm":140266,"minecraft:crouch_one_cm":736,"minecraft:play_time":31213,"minecraft:sneak_time":198,"minecraft:walk_under_water_one_cm":3799,"minecraft:jump":295,"minecraft:leave_game":1,"minecraft:walk_on_water_one_cm":2531,"minecraft:time_since_death":31213,"minecraft:total_world_time":31213,"minecraft:fall_one_cm":6901,"minecraft:horse_one_cm":826},"minecraft:used":{"alexsmobs:spawn_egg_soul_vulture":8,"orcz:orc_steel_sword":1,"mythicmounts:acencia_spawn_egg":3,"mythicmounts:geckotoalizard_spawn_egg":1,"alexsmobs:spawn_egg_hummingbird":1,"orcz:weirdboinecro_spawn_egg":1,"mythicmounts:nightmare_spawn_egg":7,"mythicmounts:dragon_spawn_egg":8,"aquaculture:neptunium_fishing_rod":2,"mythicmounts:nudibranch_spawn_egg":1,"alexsmobs:spawn_egg_farseer":2,"mythicmounts:firebird_spawn_egg":3,"alexsmobs:spawn_egg_orca":1,"mythicmounts:moth_spawn_egg":1,"orcz:heavyorchammer":7,"mythicmounts:colelytra_spawn_egg":3,"mythicmounts:courierbird_spawn_egg":1,"aquaculture:starshell_turtle_spawn_egg":1,"minecraft:allay_spawn_egg":1,"mythicmounts:archelon_spawn_egg":1,"aquaculture:neptunium_axe":2,"minecraft:zoglin_spawn_egg":1},"minecraft:killed":{"minecraft:sheep":2,"alexsmobs:hummingbird":1,"orcz:weirdboinecro":1,"alexsmobs:seagull":1}},"DataVersion":3465}