{"stats":{"minecraft:mined":{"minecraft:red_carpet":1,"minecraft:glass_pane":4,"minecraft:red_wool":6,"minecraft:mossy_cobblestone":3,"minecraft:crafting_table":2,"minecraft:melon":6,"minecraft:rose_bush":1,"minecraft:redstone_wire":5,"minecraft:smooth_quartz_slab":1,"minecraft:cobblestone":26,"minecraft:damaged_anvil":1,"minecraft:birch_planks":2,"minecraft:cobblestone_wall":2,"orcz:orcagaric":1,"biomesoplenty:mahogany_log":5,"minecraft:fire":12,"minecraft:pumpkin":5,"minecraft:gold_block":2,"minecraft:smooth_stone_slab":1,"minecraft:grass":4,"minecraft:oak_log":14,"minecraft:vine":2,"minecraft:dirt":2,"minecraft:smooth_quartz_stairs":1,"minecraft:tripwire_hook":2,"minecraft:tripwire":1,"minecraft:oak_leaves":1},"minecraft:dropped":{"minecraft:birch_planks":1,"alexsmobs:animal_dictionary":1,"minecraft:smooth_quartz_stairs":1,"minecraft:feather":3,"minecraft:rotten_flesh":1,"biomesoplenty:mahogany_planks":1,"orcz:orcagaric":3,"minecraft:red_wool":12,"paraglider:spirit_orb":1,"minecraft:rose_bush":3,"minecraft:iron_leggings":2,"minecraft:iron_pickaxe":1,"minecraft:white_wool":2,"minecraft:egg":2,"minecraft:redstone":6,"orcz:orchorn":2},"minecraft:custom":{"minecraft:mob_kills":24,"minecraft:interact_with_crafting_table":8,"minecraft:damage_dealt_resisted":742,"minecraft:leave_game":2,"minecraft:time_since_death":22787,"minecraft:sleep_in_bed":1,"minecraft:climb_one_cm":132,"minecraft:time_since_rest":808,"minecraft:sprint_one_cm":170174,"minecraft:walk_one_cm":129657,"minecraft:damage_taken":2681,"minecraft:damage_absorbed":80,"minecraft:drop":22,"minecraft:damage_dealt":5807,"minecraft:swim_one_cm":65652,"minecraft:fly_one_cm":287726,"minecraft:open_chest":38,"minecraft:crouch_one_cm":28726,"minecraft:play_time":53259,"tombstone:undead_killed":7,"minecraft:deaths":7,"minecraft:sneak_time":8902,"minecraft:walk_under_water_one_cm":3390,"minecraft:jump":1163,"minecraft:walk_on_water_one_cm":8421,"minecraft:total_world_time":53259,"minecraft:inspect_dispenser":3,"minecraft:fall_one_cm":23934},"minecraft:crafted":{"minecraft:wooden_sword":1,"minecraft:oak_planks":56,"minecraft:crafting_table":2,"biomesoplenty:mahogany_planks":20,"minecraft:stone_axe":1,"minecraft:diamond":9,"minecraft:iron_boots":1,"minecraft:diamond_leggings":1,"minecraft:stick":8,"minecraft:wooden_axe":1,"minecraft:iron_leggings":1,"minecraft:diamond_chestplate":1},"minecraft:used":{"minecraft:cooked_mutton":6,"biomesoplenty:mahogany_planks":10,"minecraft:flint_and_steel":11,"minecraft:smooth_quartz_slab":1,"minecraft:oak_planks":4,"minecraft:cooked_chicken":2,"minecraft:torch":2,"minecraft:golden_apple":2,"minecraft:crafting_table":4,"minecraft:wooden_axe":31,"minecraft:iron_pickaxe":121,"minecraft:stone_axe":40,"minecraft:wooden_sword":59,"minecraft:cobblestone":6,"tombstone:gift":4,"alexsmobs:animal_dictionary":1,"minecraft:pumpkin":1},"minecraft:broken":{"minecraft:wooden_sword":1,"minecraft:wooden_axe":1},"minecraft:killed":{"orcz:weirdboinecro":1,"minecraft:sheep":2,"minecraft:horse":1,"minecraft:zombie":7,"minecraft:chicken":2,"orcz:bigorcboss":2,"orcz:orcsavagemace":1,"orcz:orcsavage_2sword":1,"orcz:snot":2,"orcz:orcshield":2},"minecraft:picked_up":{"minecraft:crafting_table":2,"minecraft:feather":3,"orcz:orcteeth":33,"minecraft:leather":2,"minecraft:birch_planks":1,"minecraft:gold_block":2,"paraglider:spirit_orb":1,"minecraft:oak_log":14,"minecraft:iron_leggings":1,"minecraft:cooked_mutton":6,"minecraft:red_carpet":1,"minecraft:cooked_chicken":2,"minecraft:rose_bush":3,"minecraft:iron_pickaxe":1,"minecraft:melon_slice":29,"minecraft:smooth_quartz_stairs":1,"minecraft:egg":2,"orcz:orcskull":2,"minecraft:pumpkin":5,"minecraft:red_wool":12,"orcz:orcagaric":3,"orcz:orchorn":4,"tombstone:grave_dust":2,"minecraft:redstone":1,"minecraft:diamond_block":1,"minecraft:cactus":2,"biomesoplenty:mahogany_log":5,"minecraft:rotten_flesh":3,"minecraft:diamond":5,"orcz:orcshroom":1,"minecraft:damaged_anvil":1,"minecraft:smooth_quartz_slab":1,"minecraft:white_wool":3,"minecraft:cobblestone":20}},"DataVersion":3465}