{"stats":{"minecraft:mined":{"minecraft:torch":1,"minecraft:crafting_table":6,"minecraft:grass_block":9,"minecraft:melon":30,"minecraft:rose_bush":2,"minecraft:tall_grass":4,"biomesoplenty:sprout":1,"minecraft:wall_torch":1,"minecraft:coarse_dirt":1,"minecraft:furnace":3,"biomesoplenty:toadstool":1,"minecraft:iron_ore":3,"orcz:orcagaric":1,"paraglider:horned_statue":1,"minecraft:fire":13,"dynamictrees:jungle_root":1,"minecraft:moss_carpet":1,"minecraft:grass":24,"minecraft:oak_log":31,"minecraft:coal_ore":45,"minecraft:dirt":18,"minecraft:terracotta":1,"minecraft:bamboo":3,"minecraft:tripwire_hook":1,"minecraft:dispenser":2,"minecraft:stone":39,"minecraft:fern":8,"minecraft:tripwire":2,"minecraft:oak_leaves":5},"minecraft:dropped":{"minecraft:coarse_dirt":1,"minecraft:wooden_axe":1,"minecraft:wooden_shovel":1,"minecraft:arrow":1,"minecraft:wooden_pickaxe":1,"minecraft:string":1,"minecraft:white_wool":2,"minecraft:black_wool":1},"minecraft:custom":{"minecraft:interact_with_furnace":12,"minecraft:mob_kills":19,"minecraft:interact_with_crafting_table":18,"minecraft:leave_game":3,"minecraft:time_since_death":2142,"minecraft:sleep_in_bed":8,"minecraft:climb_one_cm":620,"minecraft:time_since_rest":1396,"minecraft:sprint_one_cm":113095,"minecraft:damage_taken":2098,"minecraft:walk_one_cm":467963,"minecraft:drop":8,"minecraft:damage_dealt":2836,"minecraft:talked_to_villager":10,"minecraft:swim_one_cm":25344,"minecraft:fly_one_cm":103864,"minecraft:open_chest":4,"minecraft:crouch_one_cm":27888,"minecraft:play_time":90482,"tombstone:undead_killed":7,"minecraft:deaths":2,"minecraft:sneak_time":9262,"minecraft:walk_under_water_one_cm":16518,"minecraft:jump":1261,"minecraft:walk_on_water_one_cm":22636,"minecraft:total_world_time":90482,"minecraft:inspect_dispenser":2,"minecraft:fall_one_cm":15189,"minecraft:horse_one_cm":5341},"minecraft:crafted":{"minecraft:oak_planks":24,"minecraft:wooden_shovel":1,"minecraft:crafting_table":2,"minecraft:cooked_chicken":1,"minecraft:wooden_pickaxe":1,"alexsmobs:cooked_kangaroo_meat":1,"minecraft:furnace":2,"minecraft:stone_axe":1,"minecraft:cooked_mutton":7,"minecraft:air":0,"morevanillaarmor:wood_boots":1,"minecraft:stick":16,"minecraft:stone_pickaxe":1,"minecraft:wooden_axe":1,"minecraft:stone_sword":1,"minecraft:torch":88,"morevanillaarmor:wood_leggings":1,"morevanillaarmor:wood_chestplate":1,"morevanillaarmor:wood_helmet":1},"minecraft:used":{"minecraft:cooked_mutton":7,"minecraft:stone_sword":87,"minecraft:flint_and_steel":13,"minecraft:stone_pickaxe":86,"comforts:sleeping_bag_red":8,"minecraft:wooden_pickaxe":15,"minecraft:wooden_shovel":27,"minecraft:cooked_chicken":1,"aquaculture:bluegill":1,"minecraft:torch":4,"minecraft:dirt":16,"minecraft:terracotta":1,"minecraft:crafting_table":7,"morevanillaarmor:wood_chestplate":1,"alexsmobs:cooked_kangaroo_meat":1,"aquaculture:muskellunge":1,"minecraft:oak_log":1,"minecraft:wooden_axe":34,"morevanillaarmor:wood_helmet":1,"minecraft:melon_slice":62,"orcz:orcagaric":1,"biomesoplenty:toadstool":1,"minecraft:stone_axe":43,"minecraft:cobblestone":6,"minecraft:furnace":4,"tombstone:gift":2,"alexsmobs:animal_dictionary":2},"minecraft:killed":{"aquaculture:bluegill":1,"alexsmobs:raccoon":1,"alexsmobs:seagull":1,"alexsmobs:emu":1,"minecraft:sheep":3,"minecraft:skeleton":1,"minecraft:zombie":6,"alexsmobs:leafcutter_ant":3,"alexsmobs:gazelle":1,"alexsmobs:kangaroo":1},"minecraft:picked_up":{"minecraft:wooden_axe":1,"minecraft:coarse_dirt":1,"minecraft:crafting_table":6,"minecraft:feather":3,"minecraft:chicken":1,"minecraft:tripwire_hook":1,"minecraft:jungle_log":34,"minecraft:wooden_pickaxe":1,"minecraft:oak_log":31,"minecraft:raw_copper":3,"alexsmobs:gazelle_horn":1,"minecraft:dirt":33,"minecraft:string":3,"aquaculture:muskellunge":1,"minecraft:moss_carpet":4,"tombstone:gift":1,"minecraft:bone":3,"alexsmobs:emu_feather":1,"minecraft:wheat_seeds":11,"aquaculture:bluegill":1,"minecraft:rose_bush":4,"minecraft:wooden_shovel":1,"minecraft:bamboo":22,"minecraft:melon_slice":131,"minecraft:oak_planks":3,"minecraft:furnace":3,"biomesoplenty:toadstool":1,"minecraft:stick":22,"minecraft:torch":3,"orcz:orcagaric":1,"minecraft:dispenser":2,"minecraft:arrow":4,"minecraft:rotten_flesh":9,"dynamictrees:jungle_seed":5,"paraglider:horned_statue":1,"comforts:sleeping_bag_red":9,"minecraft:terracotta":1,"minecraft:black_wool":1,"minecraft:mutton":7,"alexsmobs:kangaroo_meat":1,"minecraft:coal":45,"minecraft:cobblestone":38,"minecraft:white_wool":2}},"DataVersion":3465}