{"stats":{"minecraft:killed_by":{"minecraft:spider":1,"minecraft:zombie":2},"minecraft:broken":{"minecraft:wooden_axe":1},"minecraft:used":{"minecraft:wooden_axe":52,"minecraft:dirt":28,"minecraft:beef":1,"minecraft:crafting_table":1},"minecraft:crafted":{"minecraft:crafting_table":1,"minecraft:spruce_planks":24,"minecraft:stick":8,"minecraft:wooden_axe":1},"minecraft:mined":{"minecraft:grass_block":7,"minecraft:dirt":55,"minecraft:spruce_leaves":3,"minecraft:spruce_log":14,"minecraft:powder_snow":68,"minecraft:crafting_table":1},"minecraft:custom":{"minecraft:time_since_rest":415,"minecraft:crouch_one_cm":4368,"minecraft:play_time":15386,"minecraft:sprint_one_cm":49233,"minecraft:deaths":3,"minecraft:damage_taken":720,"minecraft:walk_one_cm":16621,"minecraft:sneak_time":1450,"minecraft:mob_kills":3,"minecraft:jump":483,"minecraft:damage_dealt":361,"minecraft:leave_game":1,"minecraft:time_since_death":386,"minecraft:total_world_time":15386,"minecraft:interact_with_crafting_table":1,"minecraft:fall_one_cm":18257,"minecraft:fly_one_cm":75647},"minecraft:picked_up":{"minecraft:crafting_table":1,"minecraft:leather":2,"minecraft:beef":6,"minecraft:spruce_log":13,"minecraft:dirt":62},"minecraft:killed":{"minecraft:cow":3}},"DataVersion":3465}