{"stats":{"minecraft:mined":{"minecraft:diamond_ore":4,"minecraft:tuff":14,"minecraft:deepslate_diamond_ore":8,"alexsmobs:leafcutter_anthill":1,"biomesoplenty:desert_grass":2,"minecraft:brewing_stand":1,"minecraft:granite":2,"minecraft:grass_block":2,"minecraft:sandstone":2,"biomesoplenty:dune_grass":4,"minecraft:spawner":1,"comforts:sleeping_bag_white":1,"minecraft:hay_block":71,"minecraft:furnace":4,"minecraft:iron_ore":5,"minecraft:cobbled_deepslate":1,"minecraft:chiseled_sandstone":1,"minecraft:andesite":12,"biomesoplenty:sea_oats":18,"minecraft:deepslate_iron_ore":37,"biomesoplenty:webbing":2,"minecraft:bamboo":2,"minecraft:stone":47,"sophisticatedbackpacks:backpack":2,"minecraft:jungle_door":1,"minecraft:orange_terracotta":1,"minecraft:smooth_sandstone":4,"minecraft:clay":9,"minecraft:crafting_table":13,"minecraft:blast_furnace":2,"minecraft:melon":12,"minecraft:chest":1,"minecraft:dead_bush":1,"minecraft:rose_bush":7,"minecraft:cobblestone":5,"minecraft:copper_ore":6,"biomesoplenty:sprout":5,"minecraft:deepslate_gold_ore":6,"minecraft:oak_planks":5,"minecraft:sugar_cane":1,"minecraft:diorite":6,"minecraft:seagrass":1,"biomesoplenty:mahogany_log":6,"minecraft:wheat":4,"minecraft:grass":23,"minecraft:oak_log":40,"minecraft:coal_ore":2,"minecraft:sand":2,"minecraft:dirt":4,"biomesoplenty:stringy_cobweb":3,"minecraft:gold_ore":1,"minecraft:oak_leaves":12,"minecraft:deepslate":97,"minecraft:fern":20},"minecraft:dropped":{"minecraft:bread":54,"minecraft:wheat_seeds":15,"minecraft:oak_log":5,"mowziesmobs:foliaath_seed":2,"minecraft:feather":2,"minecraft:granite":2,"minecraft:saddle":1,"minecraft:stick":3,"tombstone:bag_of_seeds":1,"minecraft:torch":1,"minecraft:cooked_cod":1,"alexsmobs:emu_feather":3,"minecraft:flowering_azalea":4,"minecraft:sand":5,"minecraft:string":6,"minecraft:white_wool":2,"minecraft:acacia_planks":3,"minecraft:bone":2,"biomesoplenty:toadstool":2,"minecraft:moss_carpet":28,"dynamictrees:oak_seed":2,"minecraft:cooked_chicken":2,"minecraft:wheat":1,"minecraft:rotten_flesh":24,"alexsmobs:emu_egg":2,"minecraft:melon_seeds":1,"minecraft:azalea":14,"minecraft:spider_eye":1,"minecraft:arrow":1,"minecraft:stone_pickaxe":1},"minecraft:custom":{"minecraft:interact_with_smithing_table":2,"minecraft:mob_kills":70,"minecraft:animals_bred":2,"minecraft:interact_with_crafting_table":49,"minecraft:open_barrel":14,"minecraft:bell_ring":2,"minecraft:leave_game":1,"minecraft:time_since_death":8487,"minecraft:climb_one_cm":553,"minecraft:sprint_one_cm":404745,"minecraft:walk_one_cm":743915,"minecraft:drop":57,"minecraft:talked_to_villager":3,"minecraft:play_time":269837,"minecraft:deaths":16,"minecraft:sneak_time":4455,"minecraft:walk_under_water_one_cm":41547,"minecraft:boat_one_cm":123795,"minecraft:jump":4659,"minecraft:interact_with_blast_furnace":4,"minecraft:walk_on_water_one_cm":60667,"minecraft:total_world_time":269837,"minecraft:interact_with_furnace":51,"minecraft:interact_with_cartography_table":2,"minecraft:sleep_in_bed":11,"minecraft:time_since_rest":8300,"minecraft:damage_taken":8406,"minecraft:trigger_trapped_chest":1,"minecraft:damage_dealt":12062,"tombstone:cast_on_ally":2,"minecraft:fly_one_cm":1075439,"minecraft:swim_one_cm":52793,"minecraft:player_kills":1,"minecraft:open_chest":34,"minecraft:crouch_one_cm":13722,"tombstone:undead_killed":24,"minecraft:fall_one_cm":128864,"minecraft:horse_one_cm":1705124},"minecraft:crafted":{"minecraft:oak_planks":96,"comforts:sleeping_bag_white":1,"minecraft:cooked_chicken":3,"minecraft:bone_meal":21,"sophisticatedbackpacks:crafting_upgrade":1,"minecraft:cooked_mutton":7,"minecraft:iron_boots":1,"minecraft:stone_pickaxe":1,"morevanillaarmor:wood_leggings":1,"sophisticatedbackpacks:iron_backpack":1,"minecraft:wheat":639,"paraglider:paraglider":1,"minecraft:cooked_cod":10,"minecraft:cooked_porkchop":2,"minecraft:crafting_table":2,"minecraft:wooden_pickaxe":1,"minecraft:iron_helmet":1,"minecraft:iron_sword":1,"sophisticatedbackpacks:gold_backpack":1,"sophisticatedbackpacks:upgrade_base":1,"minecraft:stone_axe":1,"minecraft:bread":213,"minecraft:air":0,"morevanillaarmor:wood_boots":1,"minecraft:oak_boat":1,"minecraft:iron_chestplate":1,"minecraft:diamond_pickaxe":1,"minecraft:shield":1,"sophisticatedbackpacks:diamond_backpack":1,"minecraft:stick":20,"minecraft:gold_ingot":19,"minecraft:iron_ingot":44,"minecraft:iron_pickaxe":1,"minecraft:wooden_axe":1,"minecraft:iron_leggings":1,"minecraft:stone_sword":1,"minecraft:torch":8,"morevanillaarmor:wood_chestplate":1,"morevanillaarmor:wood_helmet":1},"minecraft:used":{"minecraft:stone_sword":100,"minecraft:iron_sword":154,"minecraft:cooked_chicken":1,"minecraft:torch":8,"minecraft:dirt":22,"minecraft:tuff":14,"minecraft:wooden_axe":48,"minecraft:lava_bucket":5,"minecraft:smooth_sandstone":4,"minecraft:furnace":3,"minecraft:cooked_cod":11,"tombstone:gift":7,"minecraft:egg":1,"comforts:sleeping_bag_white":12,"minecraft:cobbled_deepslate":63,"minecraft:orange_terracotta":3,"minecraft:wheat_seeds":1,"minecraft:cooked_mutton":7,"minecraft:water_bucket":20,"minecraft:stone_pickaxe":40,"minecraft:oak_planks":50,"minecraft:wooden_pickaxe":10,"minecraft:sandstone":15,"minecraft:crafting_table":13,"minecraft:blast_furnace":1,"sophisticatedbackpacks:backpack":2,"minecraft:diamond_pickaxe":146,"aquaculture:carp":1,"minecraft:bread":34,"minecraft:melon_slice":77,"minecraft:iron_pickaxe":80,"tombstone:grave_key":18,"minecraft:stone_axe":49,"minecraft:cobblestone":52,"minecraft:cooked_porkchop":3,"minecraft:jungle_door":1,"aquaculture:smallmouth_bass":4,"minecraft:bucket":26,"minecraft:andesite":2,"minecraft:oak_boat":2,"alexsmobs:animal_dictionary":2,"minecraft:bone_meal":21},"minecraft:killed":{"minecraft:cave_spider":1,"alexsmobs:tarantula_hawk":1,"minecraft:spider":10,"minecraft:skeleton":5,"alexsmobs:leafcutter_ant":6,"minecraft:chicken":4,"alexsmobs:kangaroo":1,"artifacts:mimic":1,"minecraft:husk":5,"alexsmobs:guster":3,"minecraft:pig":1,"alexsmobs:anteater":1,"minecraft:iron_golem":1,"minecraft:creeper":4,"alexsmobs:emu":1,"minecraft:sheep":5,"minecraft:zombie":14,"alexsmobs:crocodile":1,"alexsmobs:maned_wolf":1,"alexsmobs:rain_frog":1,"alexsmobs:roadrunner":1,"minecraft:cow":1},"minecraft:killed_by":{"bosses_of_mass_destruction:void_blossom":2},"minecraft:picked_up":{"minecraft:charcoal":2,"minecraft:crafting_table":12,"minecraft:wheat":1,"minecraft:chicken":4,"minecraft:clay_ball":36,"minecraft:brewing_stand":1,"minecraft:string":22,"minecraft:moss_carpet":27,"minecraft:raw_copper":16,"alexsmobs:emu_feather":3,"minecraft:cobbled_deepslate":64,"comforts:sleeping_bag_white":12,"minecraft:oak_boat":1,"minecraft:rose_bush":3,"minecraft:azalea":13,"dynamictrees:oak_seed":3,"minecraft:melon_slice":82,"minecraft:sugar_cane":4,"minecraft:chest":1,"minecraft:furnace":4,"minecraft:egg":1,"minecraft:stick":27,"minecraft:raw_iron":44,"minecraft:sandstone":10,"minecraft:jungle_door":1,"minecraft:torch":2,"sophisticatedbackpacks:backpack":2,"minecraft:porkchop":3,"tombstone:grave_dust":3,"minecraft:diorite":6,"alexsmobs:crocodile_scute":1,"minecraft:arrow":4,"minecraft:rotten_flesh":44,"minecraft:cooked_cod":2,"minecraft:hay_block":71,"aquaculture:carp":1,"alexsmobs:emu_egg":2,"minecraft:mutton":7,"alexsmobs:kangaroo_meat":1,"minecraft:white_wool":5,"minecraft:cobblestone":62,"minecraft:birch_log":2,"minecraft:dune_armor_trim_smithing_template":1,"minecraft:feather":9,"minecraft:jungle_log":6,"minecraft:andesite":13,"minecraft:cut_sandstone":4,"minecraft:leather":4,"artifacts:thorn_pendant":1,"paraglider:spirit_orb":2,"minecraft:tuff":14,"minecraft:oak_log":52,"minecraft:gunpowder":11,"minecraft:dirt":7,"minecraft:paper":1,"minecraft:orange_terracotta":3,"minecraft:smooth_sandstone":4,"minecraft:bone":12,"minecraft:acacia_planks":7,"minecraft:bow":1,"mowziesmobs:foliaath_seed":2,"minecraft:wheat_seeds":22,"minecraft:raw_gold":15,"minecraft:iron_ingot":4,"dynamictrees:birch_seed":2,"tombstone:bag_of_seeds":1,"minecraft:glass_bottle":5,"minecraft:bamboo":26,"minecraft:oak_planks":91,"minecraft:flowering_azalea":3,"biomesoplenty:toadstool":2,"aquaculture:smallmouth_bass":4,"minecraft:cooked_porkchop":1,"minecraft:sand":13,"minecraft:chiseled_sandstone":3,"minecraft:blast_furnace":2,"minecraft:spider_eye":1,"minecraft:diamond_shovel":1,"alexsmobs:kangaroo_hide":3,"biomesoplenty:mahogany_log":6,"alexsmobs:guster_eye":1,"minecraft:diamond":13,"minecraft:granite":2,"minecraft:emerald":3,"tombstone:magic_scroll":3,"minecraft:oak_sapling":1,"minecraft:melon_seeds":1,"minecraft:coal":10}},"DataVersion":3465}