{"stats":{"minecraft:mined":{"minecraft:tuff":4,"minecraft:farmland":7,"alexsmobs:leafcutter_anthill":1,"minecraft:granite":2,"minecraft:grass_block":42,"biomesoplenty:dried_salt":1,"minecraft:composter":1,"minecraft:moss_block":14,"minecraft:sandstone":11,"comforts:sleeping_bag_white":1,"minecraft:hay_block":1,"minecraft:furnace":1,"dynamictrees:oak_undergrowth_leaves":2,"biomesoplenty:orange_cosmos":1,"minecraft:cobbled_deepslate":1,"minecraft:andesite":18,"biomesoplenty:sea_oats":1,"minecraft:deepslate_iron_ore":7,"dynamictrees:jungle_undergrowth_leaves":4,"minecraft:smooth_sandstone_stairs":12,"minecraft:bamboo":1,"minecraft:stone":81,"minecraft:bone_block":18,"minecraft:cut_sandstone":8,"minecraft:melon_stem":3,"minecraft:smooth_sandstone":23,"minecraft:clay":14,"minecraft:crafting_table":5,"minecraft:torch":8,"minecraft:melon":21,"minecraft:rose_bush":1,"minecraft:cobblestone":5,"minecraft:tall_grass":3,"minecraft:deepslate_gold_ore":6,"minecraft:sugar_cane":5,"minecraft:cactus":1,"minecraft:wheat":52,"minecraft:grass":5,"minecraft:oak_log":18,"minecraft:coal_ore":56,"minecraft:sand":39,"minecraft:gravel":5,"minecraft:dirt":7,"minecraft:oak_leaves":1,"minecraft:deepslate":61},"minecraft:dropped":{"aquaculture:carp":1,"minecraft:iron_ingot":1,"minecraft:wheat_seeds":12,"minecraft:diamond":2,"aquaculture:brown_trout":1,"aquaculture:smallmouth_bass":6,"minecraft:flint":5,"minecraft:dirt":2,"dynamictrees:jungle_seed":1,"minecraft:torch":9,"tombstone:magic_scroll":1,"aquaculture:gar":2,"minecraft:wooden_hoe":1,"minecraft:wooden_axe":1,"alexsmobs:emu_feather":6,"minecraft:sand":6,"minecraft:string":1,"minecraft:paper":4,"minecraft:gravel":5,"biomesoplenty:dried_salt":1,"dynamictrees:oak_seed":5,"minecraft:tuff":2,"minecraft:rotten_flesh":17,"aquaculture:synodontis":1,"alexsmobs:lobster_tail":1,"minecraft:andesite":17,"minecraft:melon_seeds":2,"minecraft:spider_eye":3,"minecraft:stone_pickaxe":1},"minecraft:custom":{"minecraft:mob_kills":60,"minecraft:interact_with_crafting_table":31,"minecraft:leave_game":2,"minecraft:time_since_death":113480,"minecraft:climb_one_cm":1040,"minecraft:sprint_one_cm":356160,"minecraft:walk_one_cm":1019844,"minecraft:damage_blocked_by_shield":2310,"minecraft:drop":63,"minecraft:talked_to_villager":4,"minecraft:play_time":244265,"minecraft:deaths":6,"minecraft:sneak_time":7898,"minecraft:walk_under_water_one_cm":29359,"minecraft:boat_one_cm":129646,"minecraft:jump":3412,"minecraft:walk_on_water_one_cm":53166,"minecraft:total_world_time":244265,"minecraft:interact_with_furnace":38,"minecraft:interact_with_cartography_table":1,"minecraft:sleep_in_bed":16,"minecraft:time_since_rest":43900,"minecraft:damage_taken":6677,"minecraft:damage_dealt":10224,"minecraft:swim_one_cm":73212,"minecraft:fly_one_cm":619249,"minecraft:open_chest":13,"minecraft:crouch_one_cm":19912,"tombstone:undead_killed":33,"minecraft:fall_one_cm":74339,"minecraft:horse_one_cm":1178400},"minecraft:crafted":{"minecraft:oak_planks":64,"minecraft:furnace":3,"minecraft:bone_meal":75,"minecraft:cooked_mutton":3,"minecraft:stone_pickaxe":1,"minecraft:chest":1,"minecraft:wheat":9,"paraglider:paraglider":1,"alexsmobs:cooked_lobster_tail":1,"minecraft:crafting_table":3,"minecraft:jungle_boat":1,"minecraft:wooden_pickaxe":1,"alexsmobs:cooked_kangaroo_meat":1,"minecraft:jungle_pressure_plate":2,"minecraft:bucket":1,"minecraft:stone_axe":2,"minecraft:bread":7,"minecraft:jungle_planks":40,"minecraft:jungle_door":3,"minecraft:wooden_hoe":1,"minecraft:diamond_pickaxe":1,"minecraft:shield":1,"minecraft:stick":16,"minecraft:iron_ingot":8,"minecraft:wooden_axe":3,"minecraft:gold_ingot":6,"minecraft:torch":32},"minecraft:used":{"minecraft:chest":1,"minecraft:shield":32,"minecraft:cooked_chicken":2,"minecraft:rotten_flesh":8,"minecraft:torch":29,"minecraft:dirt":51,"minecraft:jungle_planks":3,"alexsmobs:cooked_kangaroo_meat":1,"minecraft:tuff":3,"minecraft:wooden_axe":65,"minecraft:lava_bucket":15,"alexsmobs:cooked_lobster_tail":1,"minecraft:smooth_sandstone":23,"minecraft:furnace":4,"minecraft:cooked_cod":1,"tombstone:gift":3,"comforts:sleeping_bag_white":17,"minecraft:cobbled_deepslate":78,"minecraft:wheat_seeds":123,"minecraft:cooked_mutton":3,"minecraft:water_bucket":12,"minecraft:stone_pickaxe":42,"minecraft:oak_planks":2,"minecraft:wooden_pickaxe":6,"minecraft:composter":1,"minecraft:sandstone":9,"minecraft:cut_sandstone":8,"minecraft:jungle_pressure_plate":2,"minecraft:jungle_boat":4,"minecraft:sand":34,"minecraft:crafting_table":8,"minecraft:wooden_hoe":56,"minecraft:diamond_pickaxe":298,"minecraft:melon_slice":80,"minecraft:bread":35,"minecraft:map":1,"minecraft:stone_axe":145,"minecraft:cobblestone":55,"minecraft:jungle_door":3,"minecraft:andesite":1,"minecraft:bucket":27,"alexsmobs:animal_dictionary":1,"minecraft:bone_meal":77},"minecraft:broken":{"morevanillaarmor:wood_leggings":1,"minecraft:stone_axe":2,"minecraft:wooden_axe":1},"minecraft:killed":{"alexsmobs:lobster":1,"minecraft:spider":1,"aquaculture:gar":1,"aquaculture:smallmouth_bass":6,"alexsmobs:rattlesnake":1,"minecraft:skeleton":11,"alexsmobs:capuchin_monkey":1,"aquaculture:brown_trout":1,"aquaculture:perch":2,"alexsmobs:kangaroo":1,"aquaculture:carp":2,"alexsmobs:triops":1,"minecraft:husk":7,"alexsmobs:guster":2,"minecraft:iron_golem":1,"minecraft:creeper":1,"minecraft:sheep":2,"minecraft:zombie":15,"aquaculture:synodontis":1,"alexsmobs:gazelle":1,"minecraft:enderman":1},"minecraft:killed_by":{"minecraft:player":1},"minecraft:picked_up":{"minecraft:wooden_axe":1,"minecraft:crafting_table":5,"minecraft:wheat":48,"aquaculture:synodontis":1,"minecraft:clay_ball":56,"minecraft:string":3,"alexsmobs:emu_feather":6,"minecraft:cobbled_deepslate":89,"comforts:sleeping_bag_white":18,"minecraft:rose_bush":1,"dynamictrees:oak_seed":8,"minecraft:melon_slice":104,"minecraft:sugar_cane":6,"minecraft:furnace":1,"minecraft:sandstone":9,"minecraft:stick":19,"minecraft:raw_iron":8,"minecraft:composter":1,"minecraft:torch":7,"aquaculture:perch":2,"tombstone:grave_dust":8,"minecraft:arrow":8,"minecraft:rotten_flesh":20,"minecraft:cooked_cod":1,"aquaculture:brown_trout":1,"minecraft:hay_block":1,"aquaculture:carp":2,"minecraft:saddle":1,"morevanillaarmor:wood_leggings":1,"alexsmobs:kangaroo_meat":1,"minecraft:mutton":3,"alexsmobs:lobster_tail":2,"minecraft:cobblestone":80,"biomesoplenty:orange_cosmos":1,"minecraft:white_wool":2,"minecraft:bone_block":17,"minecraft:feather":2,"minecraft:jungle_boat":3,"biomesoplenty:dried_salt":1,"minecraft:jungle_log":10,"minecraft:andesite":18,"minecraft:cut_sandstone":8,"minecraft:leather":3,"minecraft:flint":10,"minecraft:smooth_sandstone_stairs":12,"minecraft:tuff":5,"minecraft:oak_log":26,"minecraft:dirt":59,"minecraft:paper":2,"minecraft:smooth_sandstone":23,"minecraft:bone":13,"minecraft:bow":2,"minecraft:wheat_seeds":137,"minecraft:raw_gold":6,"minecraft:iron_ingot":5,"dynamictrees:birch_seed":1,"minecraft:cooked_chicken":2,"minecraft:bamboo":11,"minecraft:moss_block":4,"aquaculture:smallmouth_bass":6,"aquaculture:gar":2,"minecraft:gravel":8,"minecraft:sand":42,"minecraft:spider_eye":4,"minecraft:diamond":8,"dynamictrees:jungle_seed":1,"minecraft:granite":2,"minecraft:bone_meal":2,"minecraft:bread":33,"tombstone:magic_scroll":1,"minecraft:melon_seeds":5,"minecraft:coal":53}},"DataVersion":3465}