{"stats":{"minecraft:picked_up":{"minecraft:birch_log":20,"minecraft:stick":52,"minecraft:cooked_porkchop":64,"minecraft:birch_planks":20,"minecraft:bone":3,"minecraft:arrow":3,"minecraft:rotten_flesh":4,"dynamictrees:birch_seed":12,"minecraft:diamond_axe":1,"tombstone:bag_of_seeds":1,"minecraft:birch_sapling":1},"minecraft:killed":{"minecraft:skeleton":3,"minecraft:zombie":3,"alexsmobs:raccoon":1},"minecraft:crafted":{"minecraft:birch_planks":80},"minecraft:dropped":{"minecraft:birch_planks":1,"tombstone:grave_key":1,"minecraft:birch_sapling":1,"tombstone:grave_dust":1,"minecraft:rotten_flesh":4},"minecraft:used":{"minecraft:birch_planks":99,"minecraft:diamond_axe":54,"minecraft:cooked_porkchop":7,"tombstone:gift":2},"minecraft:custom":{"minecraft:time_since_rest":24586,"minecraft:sprint_one_cm":20242,"minecraft:damage_taken":1035,"minecraft:walk_one_cm":67906,"minecraft:mob_kills":7,"minecraft:drop":8,"minecraft:damage_dealt":1201,"minecraft:fly_one_cm":64952,"minecraft:crouch_one_cm":1667,"minecraft:play_time":25701,"minecraft:deaths":1,"tombstone:undead_killed":6,"minecraft:sneak_time":432,"minecraft:jump":365,"minecraft:leave_game":1,"minecraft:walk_on_water_one_cm":128,"minecraft:time_since_death":24985,"minecraft:total_world_time":25701,"minecraft:fall_one_cm":10761},"minecraft:mined":{"minecraft:birch_planks":22,"minecraft:birch_log":9,"minecraft:stripped_birch_log":1,"minecraft:birch_leaves":5,"minecraft:grass":2,"biomesoplenty:high_grass":4}},"DataVersion":3465}