{
  "minecraft:adventure/root": {
    "criteria": {
      "killed_by_something": "2024-06-18 04:07:58 +0000"
    },
    "done": true
  },
  "minecraft:recipes/misc/green_dye": {
    "criteria": {
      "has_cactus": "2024-06-18 03:22:39 +0000"
    },
    "done": true
  },
  "minecraft:adventure/adventuring_time": {
    "criteria": {
      "minecraft:badlands": "2024-06-18 03:22:36 +0000",
      "minecraft:stony_shore": "2024-06-18 03:55:17 +0000",
      "minecraft:desert": "2024-06-18 03:22:39 +0000",
      "minecraft:savanna": "2024-06-18 03:55:21 +0000",
      "minecraft:plains": "2024-06-18 03:22:19 +0000"
    },
    "done": false
  },
  "DataVersion": 2975
}